Emotion,Date,Name,Username,Tweet
happiness,Mon May 11 05:21:04 UTC 2009,lebron,mtgillikin,i love lebron. http://bit.ly/PdHur
happiness,Mon May 11 05:22:03 UTC 2009,lebron,princezzcutz,"@sketchbug Lebron is a hometown hero to me, lol I love the Lakers but let's go Cavs, lol"
happiness,Mon May 11 05:22:12 UTC 2009,lebron,peterlikewhat,lebron and zydrunas are such an awesome duo
happiness,Mon May 11 05:22:37 UTC 2009,lebron,emceet,@wordwhizkid Lebron is a beast... nobody in the NBA comes even close.
happiness,Mon May 11 06:02:24 UTC 2009,iphone app,CocoSavanna,downloading apps for my iphone! So much fun :-) There literally is an app for just about anything.
happiness,Mon May 11 19:47:29 UTC 2009,visa,DreambigRadio,"good news, just had a call from the Visa office, saying everything is fine.....what a relief! I am sick of scams out there! Stealing!"
disgust,Thu May 14 02:58:07 UTC 2009,"""booz allen""",JoeSchueller,Booz Allen Hamilton has a bad ass homegrown social collaboration platform. Way cool!  #ttiv
fear,Sat May 16 16:19:24 UTC 2009,google,vamsmack,Played with an android google phone. The slide out screen scares me I would break that fucker so fast. Still prefer my iPhone.
disgust,Sat May 16 22:42:07 UTC 2009,itchy,MarissaLeeD,omg so bored &amp; my tattoooos are so itchy!!  help! aha =)
disgust,Sat May 16 22:42:25 UTC 2009,itchy,robloposky,I'm itchy and miserable!
disgust,Sat May 16 22:42:44 UTC 2009,itchy,EdwinLValencia,"@sekseemess no. I'm not itchy for now. Maybe later, lol."
happiness,Sat May 16 23:48:15 UTC 2009,stanford,imusicmash,RT @jessverr I love the nerdy Stanford human biology videos - makes me miss school. http://bit.ly/13t7NR
happiness,Sat May 16 23:58:34 UTC 2009,lyx,drewloewe,"@spinuzzi: Has been a bit crazy, with steep learning curve, but LyX is really good for long docs. For anything shorter, it would be insane."
happiness,Sun May 17 15:05:03 UTC 2009,Danny Gokey,VickyTigger,"I'm listening to ""P.Y.T"" by Danny Gokey &lt;3 &lt;3 &lt;3 Aww, he's so amazing. I &lt;3 him so much :)"
happiness,Sun May 17 17:27:45 UTC 2009,sleep,babblyabbie,is going to sleep then on a bike ride:]
sadness,Sun May 17 17:27:49 UTC 2009,sleep,kisjoaquin,cant sleep... my tooth is aching.
sadness,Sun May 17 17:28:02 UTC 2009,sleep,Whacktackular,"Blah, blah, blah same old same old. No plans today, going back to sleep I guess."
surprise,Mon May 18 01:18:03 UTC 2009,espn,wendy93639,omg. The commercials alone on ESPN are going to drive me nuts.
sadness,Mon May 18 03:12:40 UTC 2009,"""twitter api""",raykolbe,@morind45 Because the twitter api is slow and most client's aren't good.
happiness,Wed May 20 02:37:09 UTC 2009,nike,sportsgirl505,just changed my default pic to a Nike basketball cause bball is awesome!!!!!
surprise,Wed May 20 02:38:27 UTC 2009,nike,MatrixSystems,"Nike owns NBA Playoffs ads w/ LeBron, Kobe, Carmelo? http://ow.ly/7Uiy  #Adidas #Billups #Howard  #Marketing #Branding"
happiness,Wed May 20 02:40:23 UTC 2009,nike,ErrantDreams,"By the way, I'm totally inspired by this freaky Nike commercial: http://snurl.com/icgj9"
disgust,Mon May 25 17:18:29 UTC 2009,north korea,luvslikepi,Damn you North Korea. http://bit.ly/KtMeQ
sadness,Mon May 25 17:19:14 UTC 2009,north korea,stabotage,"North Korea, please cease this douchebaggery. China doesn't even like you anymore. http://bit.ly/NeHSl"
anger,Mon May 25 17:21:08 UTC 2009,pelosi,zed01,Why the hell is Pelosi in freakin China? and on whose dime?
disgust,Mon May 25 17:23:55 UTC 2009,bailout,funky_old_man,"Are YOU burning more cash $$$ than Chrysler and GM? Stop the financial tsunami. Where ""bailout"" means taking a handout!"
sadness,Mon May 25 17:25:34 UTC 2009,insects,malcozer,insects have infected my spinach plant :(
anger,Mon May 25 17:27:05 UTC 2009,insects,jonwolpert,"just got back from church, and I totally hate insects."
sadness,Mon May 25 17:28:50 UTC 2009,mcdonalds,jachshore,Just got mcdonalds goddam those eggs make me sick. O yeah Laker up date go lakers. Not much of an update? Well it's true so suck it
surprise,Mon May 25 17:29:39 UTC 2009,mcdonalds,MamiYessi,omgg i ohhdee want mcdonalds damn i wonder if its open lol =]
anger,Mon May 25 17:31:21 UTC 2009,exam,jvici0us,History exam studying ugh
anger,Mon May 25 17:31:43 UTC 2009,exam,enriquenieto,"I hate revision, it's so boring! I am totally unprepared for my exam tomorrow :( Things are not looking good..."
anger,Mon May 25 17:32:11 UTC 2009,exam,filmcriticbeta,"It's a bank holiday, yet I'm only out of work now. Exam season sucks:("
fear,Mon May 25 17:35:23 UTC 2009,cheney,jepaco,"Dick Cheney's dishonest speech about torture, terror, and Obama. -Fred Kaplan Slate. http://is.gd/DiHg"
sadness,Mon May 25 17:37:56 UTC 2009,republican,ImportantQuotes,"""The Republican party is a bunch of anti-abortion zealots who couldn't draw flies to a dump."" -- Neal Boortz (just now, on the radio)"
fear,Mon May 25 17:46:06 UTC 2009,twitter api,fwhamm,is Twitter's connections API broken? Some tweets didn't make it to Twitter...
anger,Mon May 25 17:46:24 UTC 2009,twitter api,jos897,"i srsly hate the stupid twitter API timeout thing, soooo annoying!!!!! :("
happiness,Wed May 27 00:34:21 UTC 2009,jquery book,jystewart,"@psychemedia I really liked @kswedberg's ""Learning jQuery"" book. http://bit.ly/pg0lT is worth a look too"
happiness,Wed May 27 00:38:56 UTC 2009,goodby silverstein,CaerusMe,"Very Interesting Ad from Adobe by Goodby, Silverstein &amp; Partners - YouTube - Adobe CS4: Le Sens Propre http://bit.ly/VprpT"
happiness,Wed May 27 00:39:13 UTC 2009,goodby silverstein,HallandPartners,Goodby Silverstein agency new site! http://www.goodbysilverstein.com/ Great!
sadness,Wed May 27 00:39:21 UTC 2009,goodby silverstein,suedecrush,"RT @designplay Goodby, Silverstein's new site: http://www.goodbysilverstein.com/ I enjoy it. *nice find!*"
happiness,Wed May 27 00:42:22 UTC 2009,wieden,dustinrowley,top ten most watched on Viral-Video Chart.  Love the nike #mostvaluablepuppets campaign from Wieden &amp; Kennedy http://bit.ly/nR1n9
anger,Sun May 31 06:51:30 UTC 2009,viral marketing,mattcad,Judd Apatow creates fake sitcom on NBC.com to market his new movie... viral marketing at its best. http://is.gd/K0yK
fear,Sun May 31 06:51:44 UTC 2009,viral marketing,nicoleisms,VIRAL MARKETING FAIL. This Acia Pills brand oughta get shut down for hacking into people's messenger's.  i get 5-6 msgs in a day! Arrrgh!
happiness,Tue Jun 02 02:54:09 UTC 2009,"""night at the museum""",Cristinellaa,watching Night at The Museum . Awesome. Lmao
happiness,Tue Jun 02 02:54:12 UTC 2009,"""night at the museum""",MzJill,i loved night at the museum!!!
happiness,Tue Jun 02 02:54:40 UTC 2009,"""night at the museum""",bobster56,just got back from the movies.  went to see the new night at the museum with rachel.  it was good
sadness,Tue Jun 02 03:01:10 UTC 2009,gm,mshbrown,It's unfortunate that after the Stimulus plan was put in place twice to help GM on the back of the American people has led to the inevitable
sadness,Tue Jun 02 03:05:13 UTC 2009,gm,artbynemo,@jdreiss oh yes but if GM dies it will only be worth more boo hahaha
anger,Tue Jun 02 03:14:36 UTC 2009,time warner,windhamgirl,Time Warner cable is down again 3rd time since Memorial Day bummer!
anger,Tue Jun 02 03:15:11 UTC 2009,time warner,mmmPi,"I would rather pay reasonable yearly taxes for ""free"" fast internet, than get gouged by Time Warner for a slow connection."
anger,Tue Jun 02 03:15:23 UTC 2009,time warner,NDEddieMac,NOOOOOOO my DVR just died and I was only half way through the EA presser. Hate you Time Warner
anger,Tue Jun 02 03:15:54 UTC 2009,time warner,yourboysdot,F*ck Time Warner Cable!!! You f*cking suck balls!!! I have a $700 HD tv &amp; my damn HD channels hardly ever come in. Bullshit!!
anger,Tue Jun 02 03:16:16 UTC 2009,time warner,Shazzainla,time warner has the worse customer service ever. I will never use them again
anger,Tue Jun 02 03:16:27 UTC 2009,time warner,dstalk,Time warner is the devil. Worst possible time for the Internet to go out.
anger,Tue Jun 02 03:16:37 UTC 2009,time warner,ernestalfonso,Fuck no internet damn time warner!
anger,Tue Jun 02 03:16:49 UTC 2009,time warner,kaaatiee,time warner really picks the worst time to not work. all i want to do is get to mtv.com so i can watch the hills. wtfffff.
anger,Tue Jun 02 03:17:04 UTC 2009,time warner,JasonNegron,I hate Time Warner! Soooo wish I had Vios. Cant watch the fricken Mets game w/o buffering. I feel like im watching free internet porn.
anger,Tue Jun 02 03:17:26 UTC 2009,time warner,elphabablue,Ahh...got rid of stupid time warner today &amp; now taking a nap while the roomies cook for me. Pretty good end for a monday :)
sadness,Tue Jun 02 03:17:55 UTC 2009,time warner,gabe_rp,Time Warner's HD line up is crap.
anger,Tue Jun 02 03:18:50 UTC 2009,time warner,JoeyCircles,is being fucked by time warner cable. didnt know modems could explode. and Susan Boyle sucks too!
sadness,Tue Jun 02 03:29:53 UTC 2009,dentist,sardonnica,"My wrist still hurts. I have to get it looked at. I HATE the dr/dentist/scary places. :( Time to watch Eagle eye. If you want to join, txt!"
anger,Tue Jun 02 03:32:33 UTC 2009,dentist,LILJIZZEL,"THE DENTIST LIED! "" U WON'T FEEL ANY DISCOMORT! PROB WON'T EVEN NEED PAIN PILLS"" MAN U TWIPPIN THIS SHIT HURT!! HOW MANY PILLS CAN I TAKE!!"
fear,Tue Jun 02 03:33:53 UTC 2009,dentist,sorayabouby,is studing math ;) tomorrow exam and dentist :)
sadness,Tue Jun 02 03:34:27 UTC 2009,dentist,jeffreymodest,my dentist was wrong... WRONG
anger,Tue Jun 02 03:34:58 UTC 2009,dentist,CWilliams_Rltr,Son has me looking at cars online.  I hate car shopping.  Would rather go to the dentist!  Anyone with a good car at a good price to sell?
sadness,Tue Jun 02 04:39:59 UTC 2009,safeway,ryanlipert,luke and i got stopped walking out of safeway and asked to empty our pockets and lift our shirts. how jacked up is that?
happiness,Tue Jun 02 04:41:19 UTC 2009,safeway,missleigh,Safeway is very rock n roll tonight
anger,Tue Jun 02 04:42:34 UTC 2009,safeway,phantomzangel,The safeway bathroom still smells like ass!
sadness,Tue Jun 02 04:42:46 UTC 2009,safeway,BreezB,"At safeway on elkhorn, they move like they're dead!"
happiness,Thu Jun 04 16:49:55 UTC 2009,nike,CrownRoyal8,i love Dwight Howard's vitamin water commercial... now i wish he was with NIKE and not adidas. lol.
happiness,Thu Jun 04 16:54:23 UTC 2009,nike,mikelongden,is lovin his Nike  already and that's only from running on the spot in his bedroom
happiness,Sun Jun 07 01:13:52 UTC 2009,jquery,teagone,@matthewcyan I finally got around to using jquery to make my bio collapse. Yay for slide animations.
surprise,Sun Jun 07 03:27:57 UTC 2009,warren buffet,adthomas3,"@PDubyaD right!!! LOL we'll get there!! I have high expectations, Warren Buffet style."
happiness,Sun Jun 07 03:28:08 UTC 2009,warren buffet,Alfred04654,"RT @blknprecious1: RT GREAT @dbroos ""Someone's sitting in the shade today because someone planted a tree a long time ago.""- Warren Buffet"
happiness,Sun Jun 07 03:29:15 UTC 2009,warren buffet,adamgilmer,"Warren Buffet became (for a time) the richest man in the United States, not by working but investing in 1 Big idea which lead to the fortune"
happiness,Sun Jun 07 17:42:47 UTC 2009,notre dame school,PatfaceCatface,"According to the create a school, Notre Dame will have 7 receivers in NCAA 10 at 84 or higher rating :) *sweet*"
anger,Sun Jun 07 21:47:01 UTC 2009,time warner,davepurcell,Time Warner Road Runner customer support here absolutely blows. I hate not having other high-speed net options. I'm ready to go nuclear.
sadness,Sun Jun 07 21:47:33 UTC 2009,time warner,acomicbookgirl,@siratomofbones we tried but Time Warner wasn't being nice so we recorded today. :)
surprise,Sun Jun 07 21:47:42 UTC 2009,time warner,MichelleEReagan,OMG - time warner f'ed up my internet install - instead of today  its now NEXT saturday - another week w/o internet! &amp;$*ehfa^V9fhg[*# fml.
surprise,Sun Jun 07 21:47:50 UTC 2009,time warner,jpaje11,"wth..i have never seen a line this loooong at time warner before, ugh."
surprise,Sun Jun 07 21:47:56 UTC 2009,time warner,JessSlevin,Impatiently awaiting the arrival of the time warner guy. It's way too pretty to be inside all afternoon
happiness,Mon Jun 08 06:28:01 UTC 2009,stanford,TammyT,We went to Stanford University today. Got a tour. Made me want to go back to college. It's also decided all of our kids will go there.
sadness,Mon Jun 08 06:55:01 UTC 2009,car warranty call,painhatelove,"@KarrisFoxy If you're being harassed by calls about your car warranty, changing your number won't fix that. They call every number. #d-bags"
sadness,Mon Jun 08 06:55:36 UTC 2009,car warranty call,russdavisdotcom,Just blocked United Blood Services using Google Voice. They call more than those Car Warranty guys.
sadness,Mon Jun 08 19:59:16 UTC 2009,at&t,jamesmakeseyes,#at&amp;t is complete fail.
surprise,Mon Jun 08 19:59:23 UTC 2009,at&t,mikeyil,@broskiii OH SNAP YOU WORK AT AT&amp;T DON'T YOU
anger,Mon Jun 08 19:59:26 UTC 2009,at&t,nakiasmile,@Mbjthegreat i really dont want AT&amp;T phone service..they suck when it comes to having a signal
sadness,Mon Jun 08 20:00:52 UTC 2009,at&t,wiiskey,"I say we just cut out the small talk: AT&amp;T's new slogan: F__k you, give us your money. (Apologies to Bob Geldof.)"
happiness,Mon Jun 08 20:02:01 UTC 2009,at&t,jesusmbaez,Safari 4 is fast :) Even on my shitty AT&amp;T tethering.
sadness,Mon Jun 08 20:06:57 UTC 2009,at&t,matthewphewes,@springsingfiend @dvyers @sethdaggett @jlshack AT&amp;T dropped the ball and isn't supporting crap with the new iPhone 3.0... FAIL #att SUCKS!!!
sadness,Mon Jun 08 20:08:26 UTC 2009,at&t,chelseabot,"@MMBarnhill yay, glad you got the phone! Still, damn you, AT&amp;T."
sadness,Tue Jun 09 01:02:11 UTC 2009,bing,StrategisAdv,"Talk is Cheap: Bing that, I?ll stick with Google. http://bit.ly/XC3C8"
fear,Tue Jun 09 03:58:40 UTC 2009,summize,fabulousaura,"@defsounds WTF is the point of deleting tweets if they can still be found in summize and searches? Twitter, please fix that. Thanks and bye"
happiness,Wed Jun 10 05:24:26 UTC 2009,google,ManiKarthik,@ArunBasilLal I love Google Translator too ! :D Good day mate !
happiness,Mon May 11 03:29:01 UTC 2009,obama,lingbellbell,Obama is quite a good comedian! check out his dinner speech on CNN :) very funny jokes.
happiness,Mon May 11 03:29:38 UTC 2009,obama,motsandco,"' Barack Obama shows his funny side "" &gt;&gt; http://tr.im/l0gY !! Great speech.."
happiness,Mon May 11 03:29:41 UTC 2009,obama,mickou,"I like this guy : ' Barack Obama shows his funny side "" &gt;&gt; http://tr.im/l0gY !!"
happiness,Mon May 11 03:32:35 UTC 2009,obama,meggentile,Obama's speech was pretty awesome last night! http://bit.ly/IMXUM
happiness,Mon May 11 03:33:05 UTC 2009,obama,failness,"Reading  ""Bill Clinton Fail - Obama Win?"" http://tinyurl.com/pcyxj7"
happiness,Mon May 11 03:33:43 UTC 2009,obama,kledy,Obama More Popular Than U.S. Among Arabs: Survey: President Barack Obama's popularity in leading Arab countries .. http://tinyurl.com/prlvqu
happiness,Mon May 11 03:34:04 UTC 2009,obama,LaurelEdelstein,Obama's got JOKES!! haha just got to watch a bit of his after dinner speech from last night... i'm in love with mr. president ;)
sadness,Mon May 11 05:19:58 UTC 2009,lebron,chelseabigass,LEbron james got in a car accident i guess..just heard it on evening news...wow i cant believe it..will he be ok ? http://twtad.com/69750
happiness,Mon May 11 05:20:22 UTC 2009,lebron,Smitty478,is it me or is this the best the playoffs have been in years oh yea lebron and melo in the finals
happiness,Mon May 11 05:20:41 UTC 2009,lebron,PurpleGorillaZz,"@khalid0456 No, Lebron is the best"
happiness,Mon May 11 05:20:48 UTC 2009,lebron,MsStacha,@the_real_usher LeBron is cool.  I like his personality...he has good character.
happiness,Mon May 11 05:21:25 UTC 2009,lebron,undefeated310,Watching Lebron highlights. Damn that niggas good
sadness,Mon May 11 05:21:57 UTC 2009,lebron,BI_POLAROID,@Lou911 Lebron is MURDERING shit.
happiness,Mon May 11 05:22:26 UTC 2009,lebron,ksmedia,@cthagod when Lebron is done in the NBA he will probably be greater than Kobe. Like u said Kobe is good but there alot of 'good' players.
happiness,Mon May 11 05:22:40 UTC 2009,lebron,PrEttIBoIGaRy,KOBE IS GOOD BT LEBRON HAS MY VOTE
happiness,Mon May 11 05:22:51 UTC 2009,lebron,kellan38,Kobe is the best in the world not lebron .
happiness,Thu May 14 03:41:01 UTC 2009,indian election,citizenofindia,"The great Indian tamasha truly will unfold from May 16, the result day for Indian General Election."
surprise,Fri May 15 06:45:54 UTC 2009,india election,__new,The Times of India: The wonder that is India's election. http://bit.ly/p7u1H
happiness,Sat May 16 16:18:47 UTC 2009,google,BillVick,http://is.gd/ArUJ Good video from Google on using search options.
anger,Sat May 16 22:42:21 UTC 2009,itchy,xmikeflhxcx,@ambcharlesfield lol. Ah my skin is itchy :( damn lawnmowing.
anger,Sat May 16 22:42:40 UTC 2009,itchy,Timl9068,itchy back!! dont ya hate it!
happiness,Sat May 16 23:48:10 UTC 2009,stanford,PassionModel,Stanford Charity Fashion Show a top draw http://cli.gs/NeNuAH
happiness,Sat May 16 23:48:38 UTC 2009,stanford,TechUpdater,Stanford University?s Facebook Profile is One of the Most Popular Official University Pages - http://tinyurl.com/p5b3fl
happiness,Sat May 16 23:58:44 UTC 2009,lyx,robotickilldozr,Lyx is cool.
happiness,Sun May 17 15:04:50 UTC 2009,Danny Gokey,TheDALiSiA,SOOO DISSAPOiNTED THEY SENT DANNY GOKEY HOME... YOU STiLL ROCK ...DANNY ... MY HOMETOWN HERO !! YEAH MiLROCKEE!!
happiness,Sun May 17 15:04:55 UTC 2009,Danny Gokey,fashion_retweet,"RT @PassionModel 'American Idol' fashion: Adam Lambert tones down, Danny Gokey cute ... http://cli.gs/7JWSHV"
happiness,Sun May 17 15:05:07 UTC 2009,Danny Gokey,angelkim17,@dannygokey I love you DANNY GOKEY!! :)
sadness,Sun May 17 17:27:54 UTC 2009,sleep,nichole17,so tired. i didn't sleep well at all last night.
surprise,Sun May 17 17:29:05 UTC 2009,san francisco,xstaylor,Boarding plane for San Francisco in 1 hour; 6 hr flight. Blech.
sadness,Sun May 17 17:29:41 UTC 2009,san francisco,miwahh,bonjour San Francisco. My back hurts from last night..
happiness,Sun May 17 17:30:48 UTC 2009,san francisco,deepikaC,With my best girl for a few more hours in San francisco. Mmmmmfamily is wonderful!
anger,Sun May 17 17:31:44 UTC 2009,aig,kaaslaw,"F*** up big, or go home - AIG"
happiness,Sun May 17 17:34:55 UTC 2009,star trek,Pgobb,Went to see the Star Trek movie last night.  Very satisfying.
surprise,Sun May 17 17:35:23 UTC 2009,star trek,qrboy85,"I can't wait, going to see star trek tonight!!"
happiness,Sun May 17 17:35:58 UTC 2009,star trek,adamrisser,Star Trek was as good as everyone said!!
happiness,Mon May 18 01:13:21 UTC 2009,Malcolm Gladwell,GoodPhoenix,am loving new malcolm gladwell book - outliers
happiness,Mon May 18 01:13:42 UTC 2009,Malcolm Gladwell,silentcarto,I highly recommend Malcolm Gladwell's 'The Tipping Point.' My next audiobook will probably be one of his as well.
sadness,Mon May 18 01:14:02 UTC 2009,Malcolm Gladwell,kerrrrrr,Malcolm Gladwell is a genius at tricking people into not realizing he's a fucking idiot
sadness,Mon May 18 01:14:35 UTC 2009,Malcolm Gladwell,bling_crosby,"@sportsguy33 hey no offense but malcolm gladwell is a pretenious, annoying cunt and he brings you down. cant read his shit"
happiness,Mon May 18 01:15:31 UTC 2009,Malcolm Gladwell,ripplemdk,RT @clashmore: http://bit.ly/SOYv7  Great article by Malcolm Gladwell.
anger,Mon May 18 01:16:10 UTC 2009,Malcolm Gladwell,drewlew34,I seriously underestimated Malcolm Gladwell.  I want to meet this dude.
anger,Mon May 18 01:21:12 UTC 2009,comcast,MrsGinobili,i hate comcast right now. everything is down cable internet &amp; phone....ughh what am i to do
happiness,Mon May 18 01:23:00 UTC 2009,comcast,theZoctor,The day I never have to deal with Comcast again will rank as one of the best days of my life.
surprise,Mon May 18 01:23:30 UTC 2009,comcast,motkeps,@Dommm did comcast fail again??
sadness,Mon May 18 03:11:27 UTC 2009,"""twitter api""",mikecane,"Now I can see why Dave Winer screams about lack of Twitter API, its limitations and access throttles!"
anger,Tue May 19 16:21:05 UTC 2009,wolfram alpha,marriop,"#wolfram Alpha SUCKS! Even for researchers the information provided is less than you can get from #google or #wikipedia, totally useless!"
happiness,Wed May 20 02:37:18 UTC 2009,nike,kewpiezmom,Off to the NIKE factory!!!
happiness,Wed May 20 02:38:17 UTC 2009,nike,Chet_Lemon,New nike muppet commercials are pretty cute. Why do we live together again?
happiness,Sat May 23 04:23:54 UTC 2009,shoreline amphitheatre,julieules,@tonyhawk http://twitpic.com/5c7uj - AWESOME!!! Seeing the show Friday at the Shoreline Amphitheatre. Never seen NIN before. Can't wait. ...
sadness,Sat May 23 20:43:16 UTC 2009,weka,gux_kung,"arhh, It's weka bug. = ="" and I spent almost two hours to find that out. crappy me"
happiness,Sun May 24 16:18:46 UTC 2009,50d,GrfxGuru,"@mitzs hey bud :) np I do so love my 50D, although I'd love a 5D mkII more"
happiness,Sun May 24 16:18:54 UTC 2009,50d,joelgoodman,@jonduenas @robynlyn just got us a 50D for the office. :D
happiness,Sun May 24 16:19:00 UTC 2009,50d,trevorcgibson,Just picked up my new Canon 50D...it's beautiful!!  Prepare for some seriously awesome photography!
happiness,Sun May 24 16:19:03 UTC 2009,50d,ashpeckham,Just got my new toy. Canon 50D. Love love love it!
happiness,Sun May 24 20:48:13 UTC 2009,lambda calculus,davidivins,Learning about lambda calculus :)
happiness,Sun May 24 20:50:19 UTC 2009,east palo alto,nfarzan,I'm moving to East Palo Alto!
happiness,Mon May 25 17:14:58 UTC 2009,stanford,tylerlin,@ atebits I just finished watching your Stanford iPhone Class session. I really appreciate it. You Rock!
happiness,Mon May 25 17:15:05 UTC 2009,stanford,souleaterjh,@jktweet Hi! Just saw your Stanford talk and really liked your advice. Just saying Hi from Singapore (yes the videos do get around)
happiness,Mon May 25 17:16:52 UTC 2009,lakers,JuanGir,LAKERS tonight let's go!!!!
happiness,Mon May 25 17:17:10 UTC 2009,lakers,Alexi_G,Will the Lakers kick the Nuggets ass tonight?
sadness,Mon May 25 17:18:49 UTC 2009,north korea,one_eighteen,Oooooooh... North Korea is in troubleeeee! http://bit.ly/19epAH
sadness,Mon May 25 17:21:35 UTC 2009,pelosi,TylerSchmidt,Nancy Pelosi gave the worst commencement speech I've ever heard. Yes I'm still bitter about this
sadness,Mon May 25 17:25:36 UTC 2009,insects,KayJay_x,ugh. the amount of times these stupid insects have bitten me. Grr..
fear,Mon May 25 17:26:30 UTC 2009,insects,euthanasia86,Just got barraged by a horde of insects hungry for my kitchen light. So scary.
happiness,Mon May 25 17:29:06 UTC 2009,mcdonalds,connlocks,Just had McDonalds for dinner. :D It was goooood. Big Mac Meal. ;)
happiness,Mon May 25 17:29:46 UTC 2009,mcdonalds,Yuleineeee,Stopped to have lunch at McDonalds. Chicken Nuggetssss! :) yummmmmy.
happiness,Mon May 25 17:29:51 UTC 2009,mcdonalds,XrachulX,Could go for a lot of McDonalds. i mean A LOT.
happiness,Mon May 25 17:31:52 UTC 2009,exam,xKimmelie,my exam went good. @HelloLeonie: your prayers worked (:
happiness,Mon May 25 17:31:58 UTC 2009,exam,laulaulauren,"Only one exam left, and i am so happy for it :D"
sadness,Mon May 25 17:32:22 UTC 2009,exam,elllllen,Math review. Im going to fail the exam.
happiness,Tue May 26 22:40:41 UTC 2009,mashable,christinerose,@mashable I never did thank you for including me in your Top 100 Twitter Authors! You Rock! (&amp; I New Wave :-D) http://bit.ly/EOrFV
happiness,Wed May 27 00:37:30 UTC 2009,jquery book,pdelsignore,RT @shrop: Awesome JQuery reference book for Coda! http://www.macpeeps.com/coda/ #webdesign
happiness,Wed May 27 00:38:44 UTC 2009,goodby silverstein,bskatz,I've been sending e-mails like crazy today to my contacts...does anyone have a contact at Goodby SIlverstein...I'd love to speak to them
happiness,Wed May 27 00:39:17 UTC 2009,goodby silverstein,designplay,"Goodby, Silverstein's new site... http://www.goodbysilverstein.com/ I enjoy it."
happiness,Wed May 27 23:57:02 UTC 2009,googleio,alpheus1,#GoogleIO | O3D - Bringing 3d graphics to the browser. Very nice tbh. Funfun.
happiness,Sun May 31 06:51:32 UTC 2009,viral marketing,joshgammon,"Awesome viral marketing for ""Funny People"" http://www.nbc.com/yo-teach/"
happiness,Tue Jun 02 02:54:14 UTC 2009,"""night at the museum""",bodhibuggy,Watching Night at the Museum - giggling.
happiness,Tue Jun 02 02:56:44 UTC 2009,"""night at the museum""",Pas_de_Cheval,saw the new Night at the Museum and i loved it. Next is to go see UP in 3D
disgust,Tue Jun 02 03:00:28 UTC 2009,gm,lloydnelson,It is a shame about GM. What if they are forced to make only cars the White House THINKS will sell? What do you think?
sadness,Tue Jun 02 03:00:40 UTC 2009,gm,overthrow,"As u may have noticed, not too happy about the GM situation, nor AIG, Lehman, et al"
sadness,Tue Jun 02 03:02:00 UTC 2009,gm,tradecruz,@Pittstock $GM good riddance.  sad though.
disgust,Tue Jun 02 03:04:22 UTC 2009,gm,rbmshow,Having the old Coca-Cola guy on the GM board is stupid has heck! #tcot #ala
sadness,Tue Jun 02 03:04:35 UTC 2009,gm,Ash_Craigslist,#RantsAndRaves The worst thing about GM (concord / pleasant hill / martinez): is the fucking UAW. ..   http://buzzup.com/4ueb
fear,Tue Jun 02 03:05:18 UTC 2009,gm,ericdano,"The more I hear about this GM thing the more angry I get. Billions wasted, more bullshit. All for something like 40k employees and all the.."
sadness,Tue Jun 02 03:06:40 UTC 2009,gm,ktsophie,sad day...bankrupt GM
sadness,Tue Jun 02 03:06:45 UTC 2009,gm,nicolemg415,is upset about the whole GM thing. life as i know it is so screwed up
happiness,Tue Jun 02 03:29:47 UTC 2009,dentist,Erinthebigsis,My dentist appt today was actually quite enjoyable.
anger,Tue Jun 02 03:32:10 UTC 2009,dentist,cassieeeelove,I hate the effing dentist.
anger,Tue Jun 02 03:33:25 UTC 2009,dentist,b_bassi,@kirstiealley I hate going to the dentist.. !!!
anger,Tue Jun 02 03:34:23 UTC 2009,dentist,cmg11,i hate the dentist....who invented them anyways?
happiness,Tue Jun 02 04:41:13 UTC 2009,safeway,LaurenAmor,Just applied at Safeway!(: Yeeeee!
happiness,Tue Jun 02 04:41:24 UTC 2009,safeway,TravisJensenSF,@ Safeway. Place is a nightmare right now. Bumming.
anger,Tue Jun 02 04:41:41 UTC 2009,safeway,fugface85,"HATE safeway select green tea icecream! bought two cartons, what a waste of money.  &gt;_&lt;"
happiness,Thu Jun 04 16:53:20 UTC 2009,nike,marieforleo,Nike rocks. I'm super grateful for what I've done with them :) &amp; the European Division of NIKE is BEYOND! @whitSTYLES @muchasmuertes
happiness,Thu Jun 04 16:54:17 UTC 2009,nike,TheGlossMagazin,@evelynbyrne have you tried Nike  ? V. addictive.
happiness,Thu Jun 04 16:54:36 UTC 2009,nike,TracySuter,The Nike Training Club (beta) iPhone app looks very interesting.
sadness,Sun Jun 07 01:12:38 UTC 2009,jquery,TobyJuanKenobi,argghhhh why won't  my jquery appear in safari bad safari !!!
happiness,Sun Jun 07 01:13:23 UTC 2009,jquery,ghurson,"I'm ready to drop the pretenses, I am forever in love with jQuery, and I want to marry it. Sorry ladies, this nerd is jquery.spokenFor.js"
happiness,Sun Jun 07 03:28:18 UTC 2009,warren buffet,PragCapitalist,"SUPER INVESTORS: A great weekend read here from Warren Buffet. Oldie, but a goodie. http://tinyurl.com/oqxgga"
happiness,Sun Jun 07 03:29:04 UTC 2009,warren buffet,goncalol,"reading Michael Palin book, The Python Years...great book. I also recommend Warren Buffet &amp; Nelson Mandela's bio"
happiness,Sun Jun 07 17:42:50 UTC 2009,notre dame school,BobtheRobot,"I mean, I'm down with Notre Dame if I have to.  It's a good school, I'd be closer to Dan, I'd enjoy it."
sadness,Wed Jun 10 15:32:06 UTC 2009,visa card,_abi_,"dearest @google, you rich bastards! the VISA card you sent me doesn't work. why screw a little guy like me?"
happiness,Sat Jun 13 16:24:08 UTC 2009,Bobby Flay,tessalau,Excited about seeing Bobby Flay and Guy Fieri tomorrow at the Great American Food &amp; Music Fest!
happiness,Sat Jun 13 16:24:25 UTC 2009,Bobby Flay,annieblane,can't wait for the great american food and music festival at shoreline tomorrow.  mmm...katz pastrami and bobby flay. yes please.
happiness,Sat Jun 13 16:24:34 UTC 2009,Bobby Flay,LAURAcBRYAN,"My dad was in NY for a day, we ate at MESA grill last night and met Bobby Flay. So much fun, except I completely lost my voice today."
happiness,Sat Jun 13 16:23:41 UTC 2009,Bobby Flay,JimFacey,getting ready to test out some burger receipes this weekend. Bobby Flay has some great receipes to try. Thanks Bobby.
happiness,Sat Jun 13 16:24:15 UTC 2009,Bobby Flay,A_TALL_BLONDE,i lam so in love with Bobby Flay... he is my favorite. RT @terrysimpson: @bflay you need a place in Phoenix. We have great peppers here!
sadness,Sun Jun 14 04:31:12 UTC 2009,latex,rooney_tunes,"I just created my first LaTeX file from scratch. That didn't work out very well. (See @amandabittner , it's a great time waster)"
happiness,Sun Jun 14 04:31:23 UTC 2009,latex,roguemovement,using Linux and loving it - so much nicer than windows... Looking forward to using the wysiwyg latex editor!
anger,Sun Jun 14 04:32:17 UTC 2009,latex,sam33r,"On that note, I hate Word. I hate Pages. I hate LaTeX. There, I said it. I hate LaTeX. All you TEXN3RDS can come kill me now."
sadness,Sun Jun 14 21:36:17 UTC 2009,iran,captain_pete,Reading the tweets coming out of Iran... The whole thing is terrifying and incredibly sad...
